what,kind,bundleId,bundleVersion,description,time
activated,workbench,org.eclipse.ui.workbench,3.7.1.v20120104-1859,"",1375944907719
executed,command,org.eclipse.ui,3.7.0.v20110928-1505,"org.eclipse.ui.edit.delete",1375944907826
closed,editor,org.scala-ide.sdt.core,3.0.1.rc01-2_10-201306070828-c608228,"scala.tools.eclipse.ScalaSourceFileEditor",1375944907930
activated,editor,org.scala-ide.sdt.core,3.0.1.rc01-2_10-201306070828-c608228,"scala.tools.eclipse.ScalaSourceFileEditor",1375944909363
activated,view,org.eclipse.ui.navigator.resources,3.4.300.v20110928-1505,"org.eclipse.ui.navigator.ProjectExplorer",1375944910752
activated,editor,org.scala-ide.sdt.core,3.0.1.rc01-2_10-201306070828-c608228,"scala.tools.eclipse.ScalaSourceFileEditor",1375944912714
activated,view,org.eclipse.ui.navigator.resources,3.4.300.v20110928-1505,"org.eclipse.ui.navigator.ProjectExplorer",1375944920351
activated,editor,org.scala-ide.sdt.core,3.0.1.rc01-2_10-201306070828-c608228,"scala.tools.eclipse.ScalaSourceFileEditor",1375944920792
activated,view,org.eclipse.ui.navigator.resources,3.4.300.v20110928-1505,"org.eclipse.ui.navigator.ProjectExplorer",1375944938510
activated,editor,org.scala-ide.sdt.core,3.0.1.rc01-2_10-201306070828-c608228,"scala.tools.eclipse.ScalaSourceFileEditor",1375944938855
activated,view,org.eclipse.ui.navigator.resources,3.4.300.v20110928-1505,"org.eclipse.ui.navigator.ProjectExplorer",1375944943046
opened,editor,org.scala-ide.sdt.core,3.0.1.rc01-2_10-201306070828-c608228,"scala.tools.eclipse.ScalaSourceFileEditor",1375944945357
activated,editor,org.scala-ide.sdt.core,3.0.1.rc01-2_10-201306070828-c608228,"scala.tools.eclipse.ScalaSourceFileEditor",1375944945537
activated,view,org.eclipse.ui.navigator.resources,3.4.300.v20110928-1505,"org.eclipse.ui.navigator.ProjectExplorer",1375944949980
activated,editor,org.scala-ide.sdt.core,3.0.1.rc01-2_10-201306070828-c608228,"scala.tools.eclipse.ScalaSourceFileEditor",1375944951482
activated,view,org.eclipse.ui.navigator.resources,3.4.300.v20110928-1505,"org.eclipse.ui.navigator.ProjectExplorer",1375944953421
activated,editor,org.scala-ide.sdt.core,3.0.1.rc01-2_10-201306070828-c608228,"scala.tools.eclipse.ScalaSourceFileEditor",1375944964650
activated,view,org.eclipse.ui.navigator.resources,3.4.300.v20110928-1505,"org.eclipse.ui.navigator.ProjectExplorer",1375944973193
activated,editor,org.scala-ide.sdt.core,3.0.1.rc01-2_10-201306070828-c608228,"scala.tools.eclipse.ScalaSourceFileEditor",1375944973527
activated,view,org.eclipse.ui.navigator.resources,3.4.300.v20110928-1505,"org.eclipse.ui.navigator.ProjectExplorer",1375944981929
activated,editor,org.scala-ide.sdt.core,3.0.1.rc01-2_10-201306070828-c608228,"scala.tools.eclipse.ScalaSourceFileEditor",1375944982264
executed,command,org.eclipse.ui,3.7.0.v20110928-1505,"org.eclipse.ui.edit.cut",1375944997276
activated,view,org.eclipse.ui.navigator.resources,3.4.300.v20110928-1505,"org.eclipse.ui.navigator.ProjectExplorer",1375944997615
activated,editor,org.scala-ide.sdt.core,3.0.1.rc01-2_10-201306070828-c608228,"scala.tools.eclipse.ScalaSourceFileEditor",1375944998045
executed,command,org.eclipse.ui,3.7.0.v20110928-1505,"org.eclipse.ui.edit.paste",1375945005372
activated,view,org.eclipse.ui.navigator.resources,3.4.300.v20110928-1505,"org.eclipse.ui.navigator.ProjectExplorer",1375945012632
activated,editor,org.scala-ide.sdt.core,3.0.1.rc01-2_10-201306070828-c608228,"scala.tools.eclipse.ScalaSourceFileEditor",1375945012985
executed,command,org.eclipse.ui,3.7.0.v20110928-1505,"org.eclipse.ui.edit.cut",1375945021186
activated,view,org.eclipse.ui.navigator.resources,3.4.300.v20110928-1505,"org.eclipse.ui.navigator.ProjectExplorer",1375945022248
activated,editor,org.scala-ide.sdt.core,3.0.1.rc01-2_10-201306070828-c608228,"scala.tools.eclipse.ScalaSourceFileEditor",1375945022893
executed,command,org.eclipse.ui,3.7.0.v20110928-1505,"org.eclipse.ui.edit.paste",1375945026199
activated,view,org.eclipse.ui.navigator.resources,3.4.300.v20110928-1505,"org.eclipse.ui.navigator.ProjectExplorer",1375945029488
activated,editor,org.scala-ide.sdt.core,3.0.1.rc01-2_10-201306070828-c608228,"scala.tools.eclipse.ScalaSourceFileEditor",1375945029871
executed,command,org.eclipse.ui,3.7.0.v20110928-1505,"org.eclipse.ui.edit.cut",1375945039506
activated,view,org.eclipse.ui.navigator.resources,3.4.300.v20110928-1505,"org.eclipse.ui.navigator.ProjectExplorer",1375945040484
activated,editor,org.scala-ide.sdt.core,3.0.1.rc01-2_10-201306070828-c608228,"scala.tools.eclipse.ScalaSourceFileEditor",1375945040835
activated,view,org.eclipse.ui.navigator.resources,3.4.300.v20110928-1505,"org.eclipse.ui.navigator.ProjectExplorer",1375945043128
activated,editor,org.scala-ide.sdt.core,3.0.1.rc01-2_10-201306070828-c608228,"scala.tools.eclipse.ScalaSourceFileEditor",1375945043461
executed,command,org.eclipse.ui,3.7.0.v20110928-1505,"org.eclipse.ui.edit.paste",1375945048692
executed,command,,,"AUTOGEN:::org.eclipse.jdt.debug.CompilationUnitEditor.BreakpointRulerActions/org.eclipse.jdt.internal.ui.javaeditor.JavaSelectRulerAction",1375945057795
deactivated,workbench,org.eclipse.ui.workbench,3.7.1.v20120104-1859,"",1375945060797
activated,workbench,org.eclipse.ui.workbench,3.7.1.v20120104-1859,"",1375945061131
activated,view,org.eclipse.ui.navigator.resources,3.4.300.v20110928-1505,"org.eclipse.ui.navigator.ProjectExplorer",1375945071343
activated,editor,org.scala-ide.sdt.core,3.0.1.rc01-2_10-201306070828-c608228,"scala.tools.eclipse.ScalaSourceFileEditor",1375945072636
activated,view,org.eclipse.ui.navigator.resources,3.4.300.v20110928-1505,"org.eclipse.ui.navigator.ProjectExplorer",1375945099397
activated,editor,org.scala-ide.sdt.core,3.0.1.rc01-2_10-201306070828-c608228,"scala.tools.eclipse.ScalaSourceFileEditor",1375945099874
activated,view,org.eclipse.ui.navigator.resources,3.4.300.v20110928-1505,"org.eclipse.ui.navigator.ProjectExplorer",1375945102670
activated,editor,org.scala-ide.sdt.core,3.0.1.rc01-2_10-201306070828-c608228,"scala.tools.eclipse.ScalaSourceFileEditor",1375945103055
activated,view,org.eclipse.ui.navigator.resources,3.4.300.v20110928-1505,"org.eclipse.ui.navigator.ProjectExplorer",1375945110566
activated,editor,org.scala-ide.sdt.core,3.0.1.rc01-2_10-201306070828-c608228,"scala.tools.eclipse.ScalaSourceFileEditor",1375945110913
activated,view,org.eclipse.ui.navigator.resources,3.4.300.v20110928-1505,"org.eclipse.ui.navigator.ProjectExplorer",1375945115077
deactivated,workbench,org.eclipse.ui.workbench,3.7.1.v20120104-1859,"",1375945124299
activated,workbench,org.eclipse.ui.workbench,3.7.1.v20120104-1859,"",1375945128185
executed,command,org.eclipse.ui,3.7.0.v20110928-1505,"org.eclipse.ui.edit.delete",1375945128278
closed,editor,org.scala-ide.sdt.core,3.0.1.rc01-2_10-201306070828-c608228,"scala.tools.eclipse.ScalaSourceFileEditor",1375945128380
activated,editor,org.scala-ide.sdt.core,3.0.1.rc01-2_10-201306070828-c608228,"scala.tools.eclipse.ScalaSourceFileEditor",1375945132395
executed,command,org.eclipse.ui,3.7.0.v20110928-1505,"org.eclipse.ui.file.save",1375945139806
activated,view,org.eclipse.ui.navigator.resources,3.4.300.v20110928-1505,"org.eclipse.ui.navigator.ProjectExplorer",1375945184678
activated,editor,org.scala-ide.sdt.core,3.0.1.rc01-2_10-201306070828-c608228,"scala.tools.eclipse.ScalaSourceFileEditor",1375945185075
activated,view,org.eclipse.ui.navigator.resources,3.4.300.v20110928-1505,"org.eclipse.ui.navigator.ProjectExplorer",1375945192425
activated,editor,org.scala-ide.sdt.core,3.0.1.rc01-2_10-201306070828-c608228,"scala.tools.eclipse.ScalaSourceFileEditor",1375945192765
executed,command,org.eclipse.ui,3.7.0.v20110928-1505,"org.eclipse.ui.edit.delete",1375945195814
executed,command,org.eclipse.ui,3.7.0.v20110928-1505,"org.eclipse.ui.edit.delete",1375945196005
executed,command,org.eclipse.ui,3.7.0.v20110928-1505,"org.eclipse.ui.edit.copy",1375945211403
activated,view,org.eclipse.ui.navigator.resources,3.4.300.v20110928-1505,"org.eclipse.ui.navigator.ProjectExplorer",1375945214200
activated,editor,org.scala-ide.sdt.core,3.0.1.rc01-2_10-201306070828-c608228,"scala.tools.eclipse.ScalaSourceFileEditor",1375945216795
activated,view,org.eclipse.ui.navigator.resources,3.4.300.v20110928-1505,"org.eclipse.ui.navigator.ProjectExplorer",1375945302281
activated,editor,org.scala-ide.sdt.core,3.0.1.rc01-2_10-201306070828-c608228,"scala.tools.eclipse.ScalaSourceFileEditor",1375945302604
activated,view,org.eclipse.ui.navigator.resources,3.4.300.v20110928-1505,"org.eclipse.ui.navigator.ProjectExplorer",1375945304763
activated,editor,org.scala-ide.sdt.core,3.0.1.rc01-2_10-201306070828-c608228,"scala.tools.eclipse.ScalaSourceFileEditor",1375945305117
executed,command,org.eclipse.ui,3.7.0.v20110928-1505,"org.eclipse.ui.edit.paste",1375945325799
executed,command,,,"AUTOGEN:::org.eclipse.jdt.debug.CompilationUnitEditor.BreakpointRulerActions/org.eclipse.jdt.internal.ui.javaeditor.JavaSelectRulerAction",1375945331981
deactivated,workbench,org.eclipse.ui.workbench,3.7.1.v20120104-1859,"",1375945335096
activated,workbench,org.eclipse.ui.workbench,3.7.1.v20120104-1859,"",1375945335456
executed,command,org.eclipse.ui,3.7.0.v20110928-1505,"org.eclipse.ui.file.save",1375945343808
activated,view,org.eclipse.ui.navigator.resources,3.4.300.v20110928-1505,"org.eclipse.ui.navigator.ProjectExplorer",1375945489657
activated,editor,org.scala-ide.sdt.core,3.0.1.rc01-2_10-201306070828-c608228,"scala.tools.eclipse.ScalaSourceFileEditor",1375945489992
activated,view,org.eclipse.ui.navigator.resources,3.4.300.v20110928-1505,"org.eclipse.ui.navigator.ProjectExplorer",1375945496110
activated,editor,org.scala-ide.sdt.core,3.0.1.rc01-2_10-201306070828-c608228,"scala.tools.eclipse.ScalaSourceFileEditor",1375945498032
activated,view,org.eclipse.ui.navigator.resources,3.4.300.v20110928-1505,"org.eclipse.ui.navigator.ProjectExplorer",1375945500624
activated,editor,org.scala-ide.sdt.core,3.0.1.rc01-2_10-201306070828-c608228,"scala.tools.eclipse.ScalaSourceFileEditor",1375945500984
executed,command,org.eclipse.ui,3.7.0.v20110928-1505,"org.eclipse.ui.file.save",1375945551392
activated,view,org.eclipse.ui.navigator.resources,3.4.300.v20110928-1505,"org.eclipse.ui.navigator.ProjectExplorer",1375945553679
activated,editor,org.scala-ide.sdt.core,3.0.1.rc01-2_10-201306070828-c608228,"scala.tools.eclipse.ScalaSourceFileEditor",1375945554023
activated,view,org.eclipse.ui.navigator.resources,3.4.300.v20110928-1505,"org.eclipse.ui.navigator.ProjectExplorer",1375945555780
activated,editor,org.scala-ide.sdt.core,3.0.1.rc01-2_10-201306070828-c608228,"scala.tools.eclipse.ScalaSourceFileEditor",1375945556174
executed,command,,,"AUTOGEN:::org.eclipse.jdt.debug.CompilationUnitEditor.BreakpointRulerActions/org.eclipse.jdt.internal.ui.javaeditor.JavaSelectRulerAction",1375945562570
activated,view,org.eclipse.ui.navigator.resources,3.4.300.v20110928-1505,"org.eclipse.ui.navigator.ProjectExplorer",1375945580050
activated,editor,org.scala-ide.sdt.core,3.0.1.rc01-2_10-201306070828-c608228,"scala.tools.eclipse.ScalaSourceFileEditor",1375945580378
activated,view,org.eclipse.ui.navigator.resources,3.4.300.v20110928-1505,"org.eclipse.ui.navigator.ProjectExplorer",1375945586429
activated,editor,org.scala-ide.sdt.core,3.0.1.rc01-2_10-201306070828-c608228,"scala.tools.eclipse.ScalaSourceFileEditor",1375945586786
activated,view,org.eclipse.ui.navigator.resources,3.4.300.v20110928-1505,"org.eclipse.ui.navigator.ProjectExplorer",1375945600036
activated,editor,org.scala-ide.sdt.core,3.0.1.rc01-2_10-201306070828-c608228,"scala.tools.eclipse.ScalaSourceFileEditor",1375945600374
activated,view,org.eclipse.ui.navigator.resources,3.4.300.v20110928-1505,"org.eclipse.ui.navigator.ProjectExplorer",1375945608433
activated,editor,org.scala-ide.sdt.core,3.0.1.rc01-2_10-201306070828-c608228,"scala.tools.eclipse.ScalaSourceFileEditor",1375945608786
activated,view,org.eclipse.ui.navigator.resources,3.4.300.v20110928-1505,"org.eclipse.ui.navigator.ProjectExplorer",1375945609577
activated,editor,org.scala-ide.sdt.core,3.0.1.rc01-2_10-201306070828-c608228,"scala.tools.eclipse.ScalaSourceFileEditor",1375945609935
activated,view,org.eclipse.ui.navigator.resources,3.4.300.v20110928-1505,"org.eclipse.ui.navigator.ProjectExplorer",1375945611020
activated,editor,org.scala-ide.sdt.core,3.0.1.rc01-2_10-201306070828-c608228,"scala.tools.eclipse.ScalaSourceFileEditor",1375945611351
executed,command,org.eclipse.ui,3.7.0.v20110928-1505,"org.eclipse.ui.file.save",1375945631232
activated,view,org.eclipse.ui.navigator.resources,3.4.300.v20110928-1505,"org.eclipse.ui.navigator.ProjectExplorer",1375945646723
activated,editor,org.scala-ide.sdt.core,3.0.1.rc01-2_10-201306070828-c608228,"scala.tools.eclipse.ScalaSourceFileEditor",1375945647316
executed,command,org.eclipse.ui,3.7.0.v20110928-1505,"org.eclipse.ui.edit.undo",1375945657912
activated,view,org.eclipse.ui.navigator.resources,3.4.300.v20110928-1505,"org.eclipse.ui.navigator.ProjectExplorer",1375945663537
activated,editor,org.scala-ide.sdt.core,3.0.1.rc01-2_10-201306070828-c608228,"scala.tools.eclipse.ScalaSourceFileEditor",1375945663868
activated,view,org.eclipse.ui.navigator.resources,3.4.300.v20110928-1505,"org.eclipse.ui.navigator.ProjectExplorer",1375945680328
activated,editor,org.scala-ide.sdt.core,3.0.1.rc01-2_10-201306070828-c608228,"scala.tools.eclipse.ScalaSourceFileEditor",1375945680651
deactivated,workbench,org.eclipse.ui.workbench,3.7.1.v20120104-1859,"",1375945741280
activated,workbench,org.eclipse.ui.workbench,3.7.1.v20120104-1859,"",1375945799770
deactivated,workbench,org.eclipse.ui.workbench,3.7.1.v20120104-1859,"",1375945841129
activated,workbench,org.eclipse.ui.workbench,3.7.1.v20120104-1859,"",1375945841829
deactivated,workbench,org.eclipse.ui.workbench,3.7.1.v20120104-1859,"",1375945842101
activated,workbench,org.eclipse.ui.workbench,3.7.1.v20120104-1859,"",1375945849312
activated,view,org.eclipse.ui.navigator.resources,3.4.300.v20110928-1505,"org.eclipse.ui.navigator.ProjectExplorer",1375945860670
activated,editor,org.scala-ide.sdt.core,3.0.1.rc01-2_10-201306070828-c608228,"scala.tools.eclipse.ScalaSourceFileEditor",1375945861043
activated,view,org.eclipse.ui.navigator.resources,3.4.300.v20110928-1505,"org.eclipse.ui.navigator.ProjectExplorer",1375945861711
activated,editor,org.scala-ide.sdt.core,3.0.1.rc01-2_10-201306070828-c608228,"scala.tools.eclipse.ScalaSourceFileEditor",1375945862169
activated,view,org.eclipse.ui.navigator.resources,3.4.300.v20110928-1505,"org.eclipse.ui.navigator.ProjectExplorer",1375945866951
activated,editor,org.scala-ide.sdt.core,3.0.1.rc01-2_10-201306070828-c608228,"scala.tools.eclipse.ScalaSourceFileEditor",1375945867328
activated,view,org.eclipse.ui.navigator.resources,3.4.300.v20110928-1505,"org.eclipse.ui.navigator.ProjectExplorer",1375945884973
activated,editor,org.scala-ide.sdt.core,3.0.1.rc01-2_10-201306070828-c608228,"scala.tools.eclipse.ScalaSourceFileEditor",1375945885488
activated,view,org.eclipse.ui.navigator.resources,3.4.300.v20110928-1505,"org.eclipse.ui.navigator.ProjectExplorer",1375945916195
activated,editor,org.scala-ide.sdt.core,3.0.1.rc01-2_10-201306070828-c608228,"scala.tools.eclipse.ScalaSourceFileEditor",1375945916524
activated,view,org.eclipse.ui.navigator.resources,3.4.300.v20110928-1505,"org.eclipse.ui.navigator.ProjectExplorer",1375945918841
activated,editor,org.scala-ide.sdt.core,3.0.1.rc01-2_10-201306070828-c608228,"scala.tools.eclipse.ScalaSourceFileEditor",1375945919213
activated,view,org.eclipse.ui.navigator.resources,3.4.300.v20110928-1505,"org.eclipse.ui.navigator.ProjectExplorer",1375945928577
activated,editor,org.scala-ide.sdt.core,3.0.1.rc01-2_10-201306070828-c608228,"scala.tools.eclipse.ScalaSourceFileEditor",1375945928940
activated,view,org.eclipse.ui.navigator.resources,3.4.300.v20110928-1505,"org.eclipse.ui.navigator.ProjectExplorer",1375945931120
activated,editor,org.scala-ide.sdt.core,3.0.1.rc01-2_10-201306070828-c608228,"scala.tools.eclipse.ScalaSourceFileEditor",1375945931486
activated,view,org.eclipse.ui.navigator.resources,3.4.300.v20110928-1505,"org.eclipse.ui.navigator.ProjectExplorer",1375945933600
activated,editor,org.scala-ide.sdt.core,3.0.1.rc01-2_10-201306070828-c608228,"scala.tools.eclipse.ScalaSourceFileEditor",1375945934015
activated,view,org.eclipse.ui.navigator.resources,3.4.300.v20110928-1505,"org.eclipse.ui.navigator.ProjectExplorer",1375945935113
activated,editor,org.scala-ide.sdt.core,3.0.1.rc01-2_10-201306070828-c608228,"scala.tools.eclipse.ScalaSourceFileEditor",1375945935473
activated,view,org.eclipse.ui.navigator.resources,3.4.300.v20110928-1505,"org.eclipse.ui.navigator.ProjectExplorer",1375946001597
activated,editor,org.scala-ide.sdt.core,3.0.1.rc01-2_10-201306070828-c608228,"scala.tools.eclipse.ScalaSourceFileEditor",1375946001959
activated,view,org.eclipse.ui.navigator.resources,3.4.300.v20110928-1505,"org.eclipse.ui.navigator.ProjectExplorer",1375946064834
activated,editor,org.scala-ide.sdt.core,3.0.1.rc01-2_10-201306070828-c608228,"scala.tools.eclipse.ScalaSourceFileEditor",1375946065238
activated,view,org.eclipse.ui.navigator.resources,3.4.300.v20110928-1505,"org.eclipse.ui.navigator.ProjectExplorer",1375946068761
activated,editor,org.scala-ide.sdt.core,3.0.1.rc01-2_10-201306070828-c608228,"scala.tools.eclipse.ScalaSourceFileEditor",1375946069201
activated,view,org.eclipse.ui.navigator.resources,3.4.300.v20110928-1505,"org.eclipse.ui.navigator.ProjectExplorer",1375946122024
activated,editor,org.scala-ide.sdt.core,3.0.1.rc01-2_10-201306070828-c608228,"scala.tools.eclipse.ScalaSourceFileEditor",1375946122555
activated,view,org.eclipse.ui.navigator.resources,3.4.300.v20110928-1505,"org.eclipse.ui.navigator.ProjectExplorer",1375946131521
activated,editor,org.scala-ide.sdt.core,3.0.1.rc01-2_10-201306070828-c608228,"scala.tools.eclipse.ScalaSourceFileEditor",1375946131976
executed,command,org.eclipse.ui,3.7.0.v20110928-1505,"org.eclipse.ui.edit.delete",1375946191351
executed,command,org.eclipse.ui,3.7.0.v20110928-1505,"org.eclipse.ui.edit.delete",1375946191507
activated,view,org.eclipse.ui.navigator.resources,3.4.300.v20110928-1505,"org.eclipse.ui.navigator.ProjectExplorer",1375946204508
activated,editor,org.scala-ide.sdt.core,3.0.1.rc01-2_10-201306070828-c608228,"scala.tools.eclipse.ScalaSourceFileEditor",1375946204901
executed,command,org.eclipse.ui,3.7.0.v20110928-1505,"org.eclipse.ui.edit.copy",1375946212646
deactivated,workbench,org.eclipse.ui.workbench,3.7.1.v20120104-1859,"",1375946213589
activated,workbench,org.eclipse.ui.workbench,3.7.1.v20120104-1859,"",1375946214408
executed,command,org.eclipse.ui,3.7.0.v20110928-1505,"org.eclipse.ui.edit.copy",1375946217437
deactivated,workbench,org.eclipse.ui.workbench,3.7.1.v20120104-1859,"",1375946218267
activated,workbench,org.eclipse.ui.workbench,3.7.1.v20120104-1859,"",1375946219121
activated,view,org.eclipse.ui.navigator.resources,3.4.300.v20110928-1505,"org.eclipse.ui.navigator.ProjectExplorer",1375946221074
activated,editor,org.scala-ide.sdt.core,3.0.1.rc01-2_10-201306070828-c608228,"scala.tools.eclipse.ScalaSourceFileEditor",1375946221455
executed,command,org.eclipse.ui,3.7.0.v20110928-1505,"org.eclipse.ui.edit.paste",1375946222728
deactivated,workbench,org.eclipse.ui.workbench,3.7.1.v20120104-1859,"",1375946262814
activated,workbench,org.eclipse.ui.workbench,3.7.1.v20120104-1859,"",1375946271820
executed,command,org.eclipse.ui,3.7.0.v20110928-1505,"org.eclipse.ui.edit.delete",1375946275228
executed,command,org.eclipse.ui,3.7.0.v20110928-1505,"org.eclipse.ui.edit.paste",1375946338868
activated,view,org.eclipse.ui.navigator.resources,3.4.300.v20110928-1505,"org.eclipse.ui.navigator.ProjectExplorer",1375946343715
activated,editor,org.scala-ide.sdt.core,3.0.1.rc01-2_10-201306070828-c608228,"scala.tools.eclipse.ScalaSourceFileEditor",1375946344035
executed,command,org.eclipse.ui,3.7.0.v20110928-1505,"org.eclipse.ui.edit.delete",1375946372172
executed,command,org.eclipse.ui,3.7.0.v20110928-1505,"org.eclipse.ui.edit.delete",1375946373477
executed,command,org.eclipse.ui,3.7.0.v20110928-1505,"org.eclipse.ui.edit.delete",1375946376869
executed,command,org.eclipse.ui,3.7.0.v20110928-1505,"org.eclipse.ui.edit.delete",1375946380740
executed,command,org.eclipse.ui,3.7.0.v20110928-1505,"org.eclipse.ui.edit.delete",1375946384684
executed,command,org.eclipse.ui,3.7.0.v20110928-1505,"org.eclipse.ui.edit.delete",1375946389045
deactivated,workbench,org.eclipse.ui.workbench,3.7.1.v20120104-1859,"",1375946412716
executed,command,org.eclipse.ui,3.7.0.v20110928-1505,"org.eclipse.ui.edit.findReplace",1375946412760
activated,workbench,org.eclipse.ui.workbench,3.7.1.v20120104-1859,"",1375946414453
executed,command,org.eclipse.ui,3.7.0.v20110928-1505,"org.eclipse.ui.edit.copy",1375946418838
deactivated,workbench,org.eclipse.ui.workbench,3.7.1.v20120104-1859,"",1375946419664
executed,command,org.eclipse.ui,3.7.0.v20110928-1505,"org.eclipse.ui.edit.paste",1375946420707
activated,workbench,org.eclipse.ui.workbench,3.7.1.v20120104-1859,"",1375946426381
deactivated,workbench,org.eclipse.ui.workbench,3.7.1.v20120104-1859,"",1375946427720
activated,workbench,org.eclipse.ui.workbench,3.7.1.v20120104-1859,"",1375946460538
executed,command,org.eclipse.ui,3.7.0.v20110928-1505,"org.eclipse.ui.file.save",1375946487190
executed,command,org.eclipse.ui,3.7.0.v20110928-1505,"org.eclipse.ui.file.save",1375946515924
activated,view,org.eclipse.ui.navigator.resources,3.4.300.v20110928-1505,"org.eclipse.ui.navigator.ProjectExplorer",1375946523594
activated,editor,org.scala-ide.sdt.core,3.0.1.rc01-2_10-201306070828-c608228,"scala.tools.eclipse.ScalaSourceFileEditor",1375946523977
activated,view,org.eclipse.ui.navigator.resources,3.4.300.v20110928-1505,"org.eclipse.ui.navigator.ProjectExplorer",1375946527434
activated,editor,org.scala-ide.sdt.core,3.0.1.rc01-2_10-201306070828-c608228,"scala.tools.eclipse.ScalaSourceFileEditor",1375946527828
activated,view,org.eclipse.ui.navigator.resources,3.4.300.v20110928-1505,"org.eclipse.ui.navigator.ProjectExplorer",1375946529266
activated,editor,org.scala-ide.sdt.core,3.0.1.rc01-2_10-201306070828-c608228,"scala.tools.eclipse.ScalaSourceFileEditor",1375946529641
executed,command,org.eclipse.ui,3.7.0.v20110928-1505,"org.eclipse.ui.edit.text.contentAssist.proposals",1375946537618
activated,view,org.eclipse.ui.navigator.resources,3.4.300.v20110928-1505,"org.eclipse.ui.navigator.ProjectExplorer",1375946554041
activated,editor,org.scala-ide.sdt.core,3.0.1.rc01-2_10-201306070828-c608228,"scala.tools.eclipse.ScalaSourceFileEditor",1375946554400
activated,view,org.eclipse.ui.navigator.resources,3.4.300.v20110928-1505,"org.eclipse.ui.navigator.ProjectExplorer",1375946599718
activated,editor,org.scala-ide.sdt.core,3.0.1.rc01-2_10-201306070828-c608228,"scala.tools.eclipse.ScalaSourceFileEditor",1375946600147
activated,view,org.eclipse.ui.navigator.resources,3.4.300.v20110928-1505,"org.eclipse.ui.navigator.ProjectExplorer",1375946601886
activated,editor,org.scala-ide.sdt.core,3.0.1.rc01-2_10-201306070828-c608228,"scala.tools.eclipse.ScalaSourceFileEditor",1375946602251
activated,view,org.eclipse.ui.navigator.resources,3.4.300.v20110928-1505,"org.eclipse.ui.navigator.ProjectExplorer",1375946628445
activated,editor,org.scala-ide.sdt.core,3.0.1.rc01-2_10-201306070828-c608228,"scala.tools.eclipse.ScalaSourceFileEditor",1375946628785
executed,command,org.eclipse.ui,3.7.0.v20110928-1505,"org.eclipse.ui.edit.delete",1375946635141
executed,command,org.eclipse.ui,3.7.0.v20110928-1505,"org.eclipse.ui.edit.delete",1375946635332
executed,command,org.eclipse.ui,3.7.0.v20110928-1505,"org.eclipse.ui.edit.delete",1375946635524
executed,command,org.eclipse.ui,3.7.0.v20110928-1505,"org.eclipse.ui.edit.delete",1375946635892
executed,command,org.eclipse.ui,3.7.0.v20110928-1505,"org.eclipse.ui.file.save",1375946642837
activated,view,org.eclipse.ui.navigator.resources,3.4.300.v20110928-1505,"org.eclipse.ui.navigator.ProjectExplorer",1375946645147
activated,editor,org.scala-ide.sdt.core,3.0.1.rc01-2_10-201306070828-c608228,"scala.tools.eclipse.ScalaSourceFileEditor",1375946645514
executed,command,org.eclipse.ui,3.7.0.v20110928-1505,"org.eclipse.ui.file.save",1375946653052
executed,command,org.eclipse.ui,3.7.0.v20110928-1505,"org.eclipse.ui.edit.undo",1375946661926
activated,view,org.eclipse.ui.navigator.resources,3.4.300.v20110928-1505,"org.eclipse.ui.navigator.ProjectExplorer",1375946674010
activated,editor,org.scala-ide.sdt.core,3.0.1.rc01-2_10-201306070828-c608228,"scala.tools.eclipse.ScalaSourceFileEditor",1375946674325
activated,view,org.eclipse.ui.navigator.resources,3.4.300.v20110928-1505,"org.eclipse.ui.navigator.ProjectExplorer",1375946675162
activated,editor,org.scala-ide.sdt.core,3.0.1.rc01-2_10-201306070828-c608228,"scala.tools.eclipse.ScalaSourceFileEditor",1375946675538
activated,view,org.eclipse.ui.navigator.resources,3.4.300.v20110928-1505,"org.eclipse.ui.navigator.ProjectExplorer",1375946681338
activated,editor,org.scala-ide.sdt.core,3.0.1.rc01-2_10-201306070828-c608228,"scala.tools.eclipse.ScalaSourceFileEditor",1375946681751
executed,command,org.eclipse.ui,3.7.0.v20110928-1505,"org.eclipse.ui.file.save",1375946687894
executed,command,org.eclipse.ui,3.7.0.v20110928-1505,"org.eclipse.ui.file.save",1375946694214
activated,view,org.eclipse.ui.navigator.resources,3.4.300.v20110928-1505,"org.eclipse.ui.navigator.ProjectExplorer",1375946736063
activated,editor,org.scala-ide.sdt.core,3.0.1.rc01-2_10-201306070828-c608228,"scala.tools.eclipse.ScalaSourceFileEditor",1375946736435
executed,command,org.eclipse.ui,3.7.0.v20110928-1505,"org.eclipse.ui.edit.delete",1375946745749
executed,command,org.eclipse.ui,3.7.0.v20110928-1505,"org.eclipse.ui.edit.delete",1375946746455
executed,command,org.eclipse.ui,3.7.0.v20110928-1505,"org.eclipse.ui.edit.delete",1375946749569
executed,command,org.eclipse.ui,3.7.0.v20110928-1505,"org.eclipse.ui.file.save",1375946752723
activated,view,org.eclipse.ui.navigator.resources,3.4.300.v20110928-1505,"org.eclipse.ui.navigator.ProjectExplorer",1375946753679
activated,editor,org.scala-ide.sdt.core,3.0.1.rc01-2_10-201306070828-c608228,"scala.tools.eclipse.ScalaSourceFileEditor",1375946754167
executed,command,org.eclipse.ui,3.7.0.v20110928-1505,"org.eclipse.ui.edit.copy",1375946776737
executed,command,org.eclipse.ui,3.7.0.v20110928-1505,"org.eclipse.ui.edit.paste",1375946779134
executed,command,org.eclipse.ui,3.7.0.v20110928-1505,"org.eclipse.ui.file.save",1375946781105
executed,command,org.eclipse.ui,3.7.0.v20110928-1505,"org.eclipse.ui.file.save",1375946798160
executed,command,org.eclipse.ui,3.7.0.v20110928-1505,"org.eclipse.ui.file.save",1375946808040
activated,view,org.eclipse.ui.navigator.resources,3.4.300.v20110928-1505,"org.eclipse.ui.navigator.ProjectExplorer",1375946829963
